engine,configuration,runtime_version,model_storage,execution_period,sample,warmup,status,excluded,e2e_s,frames,file_sha256
sglang,fl2va-both-c1,original + output-retention patch,NVMe,initial-node; independent FL2VA windows,r0-c0,False,PASS,False,372.8453124091029,124,a3df562601f58085a640a8ed37549a2512d09f40fb7f2976699b8504639f9d57
sglang,fl2va-both-c1,original + output-retention patch,NVMe,initial-node; independent FL2VA windows,r1-c0,False,PASS,False,371.84651622222736,124,a3df562601f58085a640a8ed37549a2512d09f40fb7f2976699b8504639f9d57
sglang,fl2va-both-c1,original + output-retention patch,NVMe,initial-node; independent FL2VA windows,r2-c0,False,PASS,False,371.84217402804643,124,a3df562601f58085a640a8ed37549a2512d09f40fb7f2976699b8504639f9d57
sglang,fl2va-both-c1,original + output-retention patch,NVMe,initial-node; independent FL2VA windows,warmup,True,PASS,False,372.85642783902586,124,a3df562601f58085a640a8ed37549a2512d09f40fb7f2976699b8504639f9d57
sglang,fl2va-first-c1,original + output-retention patch,NVMe,initial-node; independent FL2VA windows,r0-c0,False,PASS,False,342.7709433552809,124,8150db116424a18e8dcaeabc99ea24651d8a7712bbb366bd782478b411d715bc
sglang,fl2va-first-c1,original + output-retention patch,NVMe,initial-node; independent FL2VA windows,r1-c0,False,PASS,False,342.76174558512866,124,8150db116424a18e8dcaeabc99ea24651d8a7712bbb366bd782478b411d715bc
sglang,fl2va-first-c1,original + output-retention patch,NVMe,initial-node; independent FL2VA windows,r2-c0,False,PASS,False,342.7660472453572,124,8150db116424a18e8dcaeabc99ea24651d8a7712bbb366bd782478b411d715bc
sglang,fl2va-first-c1,original + output-retention patch,NVMe,initial-node; independent FL2VA windows,warmup,True,PASS,False,343.78284265333787,124,8150db116424a18e8dcaeabc99ea24651d8a7712bbb366bd782478b411d715bc
sglang,fl2va-last-c1,original + output-retention patch,NVMe,initial-node; independent FL2VA windows,r0-c0,False,PASS,False,342.7644028388895,124,1d9a35f743693397019959819614bf848e1ef628e0038ef69454631f43f4ce2d
sglang,fl2va-last-c1,original + output-retention patch,NVMe,initial-node; independent FL2VA windows,r1-c0,False,PASS,False,342.7617338602431,124,1d9a35f743693397019959819614bf848e1ef628e0038ef69454631f43f4ce2d
sglang,fl2va-last-c1,original + output-retention patch,NVMe,initial-node; independent FL2VA windows,r2-c0,False,PASS,False,342.8515477217734,124,1d9a35f743693397019959819614bf848e1ef628e0038ef69454631f43f4ce2d
sglang,fl2va-last-c1,original + output-retention patch,NVMe,initial-node; independent FL2VA windows,warmup,True,PASS,False,342.77551903389394,124,1d9a35f743693397019959819614bf848e1ef628e0038ef69454631f43f4ce2d
sglang,t2va-10s-c1,original + output-retention patch,NVMe,initial-node; independent FL2VA windows,r0-c0,False,PASS,False,938.904703638982,243,3477db01776af5319b6bd4e7909cbc2e076308dad7892b48360b480f40fbca34
sglang,t2va-10s-c1,original + output-retention patch,NVMe,initial-node; independent FL2VA windows,r1-c0,False,PASS,False,938.8540841178037,243,3477db01776af5319b6bd4e7909cbc2e076308dad7892b48360b480f40fbca34
sglang,t2va-10s-c1,original + output-retention patch,NVMe,initial-node; independent FL2VA windows,r2-c0,False,PASS,True,1252.498198711779,243,3477db01776af5319b6bd4e7909cbc2e076308dad7892b48360b480f40fbca34
sglang,t2va-10s-c1,original + output-retention patch,NVMe,initial-node; independent FL2VA windows,warmup,True,PASS,False,938.8989781779237,243,3477db01776af5319b6bd4e7909cbc2e076308dad7892b48360b480f40fbca34
sglang,t2va-10s-c1,original + output-retention patch,NVMe,initial-node; independent FL2VA windows,r0-c0,False,PASS,False,938.7981549319811,243,3477db01776af5319b6bd4e7909cbc2e076308dad7892b48360b480f40fbca34
sglang,t2va-15s-c1,original + output-retention patch,NVMe,initial-node; independent FL2VA windows,r0-c0,False,PASS,False,1866.757071990054,362,4bb4cbc0c63a940e561293c25245ca89f07286141878f0f23b9e73bd146659ad
sglang,t2va-15s-c1,original + output-retention patch,NVMe,initial-node; independent FL2VA windows,r1-c0,False,PASS,False,1866.72498350963,362,4bb4cbc0c63a940e561293c25245ca89f07286141878f0f23b9e73bd146659ad
sglang,t2va-15s-c1,original + output-retention patch,NVMe,initial-node; independent FL2VA windows,r2-c0,False,PASS,False,1866.7659942661412,362,4bb4cbc0c63a940e561293c25245ca89f07286141878f0f23b9e73bd146659ad
sglang,t2va-15s-c1,original + output-retention patch,NVMe,initial-node; independent FL2VA windows,warmup,True,PASS,False,1866.7460275855847,362,4bb4cbc0c63a940e561293c25245ca89f07286141878f0f23b9e73bd146659ad
sglang,t2va-5s-c1,original + output-retention patch,NVMe,initial-node; independent FL2VA windows,r0-c0,False,PASS,False,315.6341115771793,124,35aa8dee4653c77ddbb6255f2b35c9758918379b5f97faa70ae9d6ca9b3434b8
sglang,t2va-5s-c1,original + output-retention patch,NVMe,initial-node; independent FL2VA windows,r1-c0,False,PASS,False,315.63067436404526,124,35aa8dee4653c77ddbb6255f2b35c9758918379b5f97faa70ae9d6ca9b3434b8
sglang,t2va-5s-c1,original + output-retention patch,NVMe,initial-node; independent FL2VA windows,r2-c0,False,PASS,False,315.6279738843441,124,35aa8dee4653c77ddbb6255f2b35c9758918379b5f97faa70ae9d6ca9b3434b8
sglang,t2va-5s-c1,original + output-retention patch,NVMe,initial-node; independent FL2VA windows,warmup,True,PASS,False,316.6704024686478,124,35aa8dee4653c77ddbb6255f2b35c9758918379b5f97faa70ae9d6ca9b3434b8
sglang,t2va-5s-c2,original + output-retention patch,NVMe,initial-node; independent FL2VA windows,r0-c0,False,PASS,False,315.82424731506035,124,35aa8dee4653c77ddbb6255f2b35c9758918379b5f97faa70ae9d6ca9b3434b8
sglang,t2va-5s-c2,original + output-retention patch,NVMe,initial-node; independent FL2VA windows,r0-c1,False,PASS,False,631.4536571321078,124,35aa8dee4653c77ddbb6255f2b35c9758918379b5f97faa70ae9d6ca9b3434b8
sglang,t2va-5s-c2,original + output-retention patch,NVMe,initial-node; independent FL2VA windows,r1-c0,False,PASS,False,315.79897241992876,124,35aa8dee4653c77ddbb6255f2b35c9758918379b5f97faa70ae9d6ca9b3434b8
sglang,t2va-5s-c2,original + output-retention patch,NVMe,initial-node; independent FL2VA windows,r1-c1,False,PASS,False,631.4454022869468,124,35aa8dee4653c77ddbb6255f2b35c9758918379b5f97faa70ae9d6ca9b3434b8
sglang,t2va-5s-c2,original + output-retention patch,NVMe,initial-node; independent FL2VA windows,r2-c0,False,PASS,False,315.808320838958,124,35aa8dee4653c77ddbb6255f2b35c9758918379b5f97faa70ae9d6ca9b3434b8
sglang,t2va-5s-c2,original + output-retention patch,NVMe,initial-node; independent FL2VA windows,r2-c1,False,PASS,False,631.4228797322139,124,35aa8dee4653c77ddbb6255f2b35c9758918379b5f97faa70ae9d6ca9b3434b8
sglang,t2va-5s-c2,original + output-retention patch,NVMe,initial-node; independent FL2VA windows,warmup,True,PASS,False,315.6613262798637,124,35aa8dee4653c77ddbb6255f2b35c9758918379b5f97faa70ae9d6ca9b3434b8
sglang,t2va-5s-c4,original + output-retention patch,NVMe,initial-node; independent FL2VA windows,r0-c0,False,PASS,False,315.844374217093,124,35aa8dee4653c77ddbb6255f2b35c9758918379b5f97faa70ae9d6ca9b3434b8
sglang,t2va-5s-c4,original + output-retention patch,NVMe,initial-node; independent FL2VA windows,r0-c1,False,PASS,False,630.7498147659935,124,35aa8dee4653c77ddbb6255f2b35c9758918379b5f97faa70ae9d6ca9b3434b8
sglang,t2va-5s-c4,original + output-retention patch,NVMe,initial-node; independent FL2VA windows,r0-c2,False,PASS,False,946.5826935851946,124,35aa8dee4653c77ddbb6255f2b35c9758918379b5f97faa70ae9d6ca9b3434b8
sglang,t2va-5s-c4,original + output-retention patch,NVMe,initial-node; independent FL2VA windows,r0-c3,False,PASS,False,1261.2188212689944,124,35aa8dee4653c77ddbb6255f2b35c9758918379b5f97faa70ae9d6ca9b3434b8
sglang,t2va-5s-c4,original + output-retention patch,NVMe,initial-node; independent FL2VA windows,r1-c0,False,PASS,False,316.0069635012187,124,35aa8dee4653c77ddbb6255f2b35c9758918379b5f97faa70ae9d6ca9b3434b8
sglang,t2va-5s-c4,original + output-retention patch,NVMe,initial-node; independent FL2VA windows,r1-c1,False,PASS,False,630.9421358369291,124,35aa8dee4653c77ddbb6255f2b35c9758918379b5f97faa70ae9d6ca9b3434b8
sglang,t2va-5s-c4,original + output-retention patch,NVMe,initial-node; independent FL2VA windows,r1-c2,False,PASS,False,945.8399346098304,124,35aa8dee4653c77ddbb6255f2b35c9758918379b5f97faa70ae9d6ca9b3434b8
sglang,t2va-5s-c4,original + output-retention patch,NVMe,initial-node; independent FL2VA windows,r1-c3,False,PASS,False,1261.5269544068724,124,35aa8dee4653c77ddbb6255f2b35c9758918379b5f97faa70ae9d6ca9b3434b8
sglang,t2va-5s-c4,original + output-retention patch,NVMe,initial-node; independent FL2VA windows,r2-c0,False,PASS,False,316.04796150978655,124,35aa8dee4653c77ddbb6255f2b35c9758918379b5f97faa70ae9d6ca9b3434b8
sglang,t2va-5s-c4,original + output-retention patch,NVMe,initial-node; independent FL2VA windows,r2-c1,False,PASS,False,631.0033459002152,124,35aa8dee4653c77ddbb6255f2b35c9758918379b5f97faa70ae9d6ca9b3434b8
sglang,t2va-5s-c4,original + output-retention patch,NVMe,initial-node; independent FL2VA windows,r2-c2,False,PASS,False,945.8844729298726,124,35aa8dee4653c77ddbb6255f2b35c9758918379b5f97faa70ae9d6ca9b3434b8
sglang,t2va-5s-c4,original + output-retention patch,NVMe,initial-node; independent FL2VA windows,r2-c3,False,PASS,False,1261.568898546975,124,35aa8dee4653c77ddbb6255f2b35c9758918379b5f97faa70ae9d6ca9b3434b8
sglang,t2va-5s-c4,original + output-retention patch,NVMe,initial-node; independent FL2VA windows,warmup,True,PASS,False,315.63822997175157,124,35aa8dee4653c77ddbb6255f2b35c9758918379b5f97faa70ae9d6ca9b3434b8
sglang,t2va-zh-5s-c1,original + output-retention patch,NVMe,initial-node; independent FL2VA windows,r0-c0,False,PASS,False,315.6320282360539,124,74ac7310c408be307e63aaf73dd6b784e9c5687344062070e5596d90487293e9
sglang,t2va-zh-5s-c1,original + output-retention patch,NVMe,initial-node; independent FL2VA windows,warmup,True,PASS,False,315.64373314008117,124,74ac7310c408be307e63aaf73dd6b784e9c5687344062070e5596d90487293e9
sglang,ref2va-image-c1,original + output-retention patch,NVMe,initial-node; shared host load,r0-c0,False,PASS,False,532.1662160870619,124,76234cbd1ef42b4cd881d90ae0f96a5bc2837fc9f4a2cf04fe120626e22348f7
sglang,ref2va-image-c1,original + output-retention patch,NVMe,initial-node; shared host load,r1-c0,False,PASS,False,532.1755055449903,124,76234cbd1ef42b4cd881d90ae0f96a5bc2837fc9f4a2cf04fe120626e22348f7
sglang,ref2va-image-c1,original + output-retention patch,NVMe,initial-node; shared host load,r2-c0,False,PASS,False,532.165389710106,124,76234cbd1ef42b4cd881d90ae0f96a5bc2837fc9f4a2cf04fe120626e22348f7
sglang,ref2va-image-c1,original + output-retention patch,NVMe,initial-node; shared host load,warmup,True,PASS,False,532.1978237382136,124,76234cbd1ef42b4cd881d90ae0f96a5bc2837fc9f4a2cf04fe120626e22348f7
sglang,ref2va-images-c1,original + output-retention patch,NVMe,initial-node; shared host load,r0-c0,False,PASS,False,1117.3356274398975,124,11aa2e54f605c640f884a7391cd5f4471f19da0bc69e79c5986eb7636c639715
sglang,ref2va-images-c1,original + output-retention patch,NVMe,initial-node; shared host load,r1-c0,False,PASS,False,1114.3544757007621,124,11aa2e54f605c640f884a7391cd5f4471f19da0bc69e79c5986eb7636c639715
sglang,ref2va-images-c1,original + output-retention patch,NVMe,initial-node; shared host load,r2-c0,False,PASS,False,1114.3526500812732,124,11aa2e54f605c640f884a7391cd5f4471f19da0bc69e79c5986eb7636c639715
sglang,ref2va-images-c1,original + output-retention patch,NVMe,initial-node; shared host load,warmup,True,PASS,False,1114.3810275536962,124,11aa2e54f605c640f884a7391cd5f4471f19da0bc69e79c5986eb7636c639715
sglang,ref2va-video-silent-c1,original + output-retention patch,NVMe,initial-node; shared host load,r0-c0,False,PASS,False,980.1035464089364,124,6f84bd5af8d636a78812917af49c124a52295edd593c202fdc4cf0d16c82a993
sglang,ref2va-video-silent-c1,original + output-retention patch,NVMe,initial-node; shared host load,r1-c0,False,PASS,False,983.1123390668072,124,6f84bd5af8d636a78812917af49c124a52295edd593c202fdc4cf0d16c82a993
sglang,ref2va-video-silent-c1,original + output-retention patch,NVMe,initial-node; shared host load,r2-c0,False,PASS,False,980.1187768862583,124,6f84bd5af8d636a78812917af49c124a52295edd593c202fdc4cf0d16c82a993
sglang,ref2va-video-silent-c1,original + output-retention patch,NVMe,initial-node; shared host load,warmup,True,PASS,False,980.1363924951293,124,6f84bd5af8d636a78812917af49c124a52295edd593c202fdc4cf0d16c82a993
sglang,ref2va-image-audio-c1,h3-20260906-audio-context-rpc-errors-v1,NVMe,initial-node; shared host load,r0-c0,False,PASS,False,542.4123116428964,124,23856a1423ac69080debc3369f1596a5b237f44ed2c37363b29b07ce87a21595
sglang,ref2va-image-audio-c1,h3-20260906-audio-context-rpc-errors-v1,NVMe,initial-node; shared host load,r1-c0,False,PASS,False,542.4369414248504,124,23856a1423ac69080debc3369f1596a5b237f44ed2c37363b29b07ce87a21595
sglang,ref2va-image-audio-c1,h3-20260906-audio-context-rpc-errors-v1,NVMe,initial-node; shared host load,r2-c0,False,PASS,False,542.459154932294,124,23856a1423ac69080debc3369f1596a5b237f44ed2c37363b29b07ce87a21595
sglang,ref2va-image-audio-c1,h3-20260906-audio-context-rpc-errors-v1,NVMe,initial-node; shared host load,warmup,True,PASS,False,542.479318165686,124,23856a1423ac69080debc3369f1596a5b237f44ed2c37363b29b07ce87a21595
sglang,ref2va-mixed-c1,h3-20260906-audio-context-rpc-errors-v1,NVMe,initial-node; shared host load,r0-c0,False,PASS,False,1341.2015535486862,124,31fa13204d4e8cbe56876f441cd21d3565de059304c153b2354f0f303fd7813b
sglang,ref2va-mixed-c1,h3-20260906-audio-context-rpc-errors-v1,NVMe,initial-node; shared host load,r1-c0,False,PASS,False,1340.242982044816,124,31fa13204d4e8cbe56876f441cd21d3565de059304c153b2354f0f303fd7813b
sglang,ref2va-mixed-c1,h3-20260906-audio-context-rpc-errors-v1,NVMe,initial-node; shared host load,r2-c0,False,PASS,False,1340.2783181322739,124,31fa13204d4e8cbe56876f441cd21d3565de059304c153b2354f0f303fd7813b
sglang,ref2va-mixed-c1,h3-20260906-audio-context-rpc-errors-v1,NVMe,initial-node; shared host load,warmup,True,PASS,False,1340.2484998260625,124,31fa13204d4e8cbe56876f441cd21d3565de059304c153b2354f0f303fd7813b
sglang,ref2va-video-sound-c1,h3-20260906-audio-context-rpc-errors-v1,NVMe,initial-node; shared host load,r0-c0,False,PASS,False,995.0943563482724,124,a22c8296512b004d71d83cab9a5e87bc23237d87bc72dd25b66403dd92ac98dd
sglang,ref2va-video-sound-c1,h3-20260906-audio-context-rpc-errors-v1,NVMe,initial-node; shared host load,r1-c0,False,PASS,False,995.1008558878675,124,a22c8296512b004d71d83cab9a5e87bc23237d87bc72dd25b66403dd92ac98dd
sglang,ref2va-video-sound-c1,h3-20260906-audio-context-rpc-errors-v1,NVMe,initial-node; shared host load,r2-c0,False,PASS,False,995.25534676807,124,a22c8296512b004d71d83cab9a5e87bc23237d87bc72dd25b66403dd92ac98dd
sglang,ref2va-video-sound-c1,h3-20260906-audio-context-rpc-errors-v1,NVMe,initial-node; shared host load,warmup,True,PASS,False,995.1569927600212,124,6d12183057fa538c5fb5d6291c85dcdc7dda276505939c9665af010913f0866c
vllm-omni,t2va-10s-c1,original; subsequent API acceptance failed,NVMe,initial-node; shared host load,r0-c0,False,PASS,False,965.2635411890224,243,caa4bb393f880a6b9dbaafdf936709b312298c0ee3137715bdbc3c46312b3dd7
vllm-omni,t2va-10s-c1,original; subsequent API acceptance failed,NVMe,initial-node; shared host load,r1-c0,False,PASS,False,965.6920177401043,243,caa4bb393f880a6b9dbaafdf936709b312298c0ee3137715bdbc3c46312b3dd7
vllm-omni,t2va-10s-c1,original; subsequent API acceptance failed,NVMe,initial-node; shared host load,r2-c0,False,PASS,False,965.6062482879497,243,caa4bb393f880a6b9dbaafdf936709b312298c0ee3137715bdbc3c46312b3dd7
vllm-omni,t2va-10s-c1,original; subsequent API acceptance failed,NVMe,initial-node; shared host load,warmup,True,PASS,False,966.5688617778942,243,caa4bb393f880a6b9dbaafdf936709b312298c0ee3137715bdbc3c46312b3dd7
vllm-omni,t2va-15s-c1,original; subsequent API acceptance failed,NVMe,initial-node; shared host load,r0-c0,False,PASS,False,1908.5287487599999,362,37eda2a41a923e396e743b12150edd3db3236389211c2dc7703d3e021344ec40
vllm-omni,t2va-15s-c1,original; subsequent API acceptance failed,NVMe,initial-node; shared host load,r1-c0,False,PASS,False,1906.8606502367184,362,37eda2a41a923e396e743b12150edd3db3236389211c2dc7703d3e021344ec40
vllm-omni,t2va-15s-c1,original; subsequent API acceptance failed,NVMe,initial-node; shared host load,r2-c0,False,PASS,False,1907.0320321419276,362,37eda2a41a923e396e743b12150edd3db3236389211c2dc7703d3e021344ec40
vllm-omni,t2va-15s-c1,original; subsequent API acceptance failed,NVMe,initial-node; shared host load,warmup,True,PASS,False,1910.2674627751112,362,37eda2a41a923e396e743b12150edd3db3236389211c2dc7703d3e021344ec40
vllm-omni,t2va-5s-c1,original; subsequent API acceptance failed,NVMe,initial-node; shared host load,r0-c0,False,PASS,False,329.5915349861607,124,42aae475822c4eca41942973beda4b371abd0247b26289407d57e7c35a432f02
vllm-omni,t2va-5s-c1,original; subsequent API acceptance failed,NVMe,initial-node; shared host load,r1-c0,False,PASS,False,329.8923613000661,124,42aae475822c4eca41942973beda4b371abd0247b26289407d57e7c35a432f02
vllm-omni,t2va-5s-c1,original; subsequent API acceptance failed,NVMe,initial-node; shared host load,r2-c0,False,PASS,False,329.9320788178593,124,42aae475822c4eca41942973beda4b371abd0247b26289407d57e7c35a432f02
vllm-omni,t2va-5s-c1,original; subsequent API acceptance failed,NVMe,initial-node; shared host load,warmup,True,PASS,False,352.8426189152524,124,dcfff3809b661d9412929a8cf260ad5a474dfb6db07e2e40432c207c7aa38429
vllm-omni,t2va-zh-5s-c1,original; subsequent API acceptance failed,NVMe,initial-node; shared host load,r0-c0,False,PASS,False,329.9922141493298,124,ec5644b8a19dc91d51f89b05c92ab74b8a8cc1a5302b8274b2ed5139803b1fe9
vllm-omni,t2va-zh-5s-c1,original; subsequent API acceptance failed,NVMe,initial-node; shared host load,warmup,True,PASS,False,329.74938594177365,124,ec5644b8a19dc91d51f89b05c92ab74b8a8cc1a5302b8274b2ed5139803b1fe9
vllm-omni,fl2va-both-c1,h3-20260906-audio-context-rpc-errors-v1,NVMe,initial-node; shared host load,r0-c0,False,PASS,False,391.27017377782613,124,5eda57c816ee32630e57f11c8506a4b5a67913c78f93cb07d24b29023e624bd8
vllm-omni,fl2va-both-c1,h3-20260906-audio-context-rpc-errors-v1,NVMe,initial-node; shared host load,r1-c0,False,PASS,False,389.11529708094895,124,5eda57c816ee32630e57f11c8506a4b5a67913c78f93cb07d24b29023e624bd8
vllm-omni,fl2va-both-c1,h3-20260906-audio-context-rpc-errors-v1,NVMe,initial-node; shared host load,r2-c0,False,PASS,False,389.00583686027676,124,5eda57c816ee32630e57f11c8506a4b5a67913c78f93cb07d24b29023e624bd8
vllm-omni,fl2va-both-c1,h3-20260906-audio-context-rpc-errors-v1,NVMe,initial-node; shared host load,warmup,True,PASS,False,389.5195430056192,124,5eda57c816ee32630e57f11c8506a4b5a67913c78f93cb07d24b29023e624bd8
vllm-omni,fl2va-first-c1,h3-20260906-audio-context-rpc-errors-v1,NVMe,initial-node; shared host load,r0-c0,False,PASS,False,360.09135682322085,124,9d8bd21a07ab2307a9a55444199e00c1fb2a816c990776fbd9c7b25c2408626c
vllm-omni,fl2va-first-c1,h3-20260906-audio-context-rpc-errors-v1,NVMe,initial-node; shared host load,r1-c0,False,PASS,False,357.79305428406224,124,9d8bd21a07ab2307a9a55444199e00c1fb2a816c990776fbd9c7b25c2408626c
vllm-omni,fl2va-first-c1,h3-20260906-audio-context-rpc-errors-v1,NVMe,initial-node; shared host load,r2-c0,False,PASS,False,359.1057692458853,124,9d8bd21a07ab2307a9a55444199e00c1fb2a816c990776fbd9c7b25c2408626c
vllm-omni,fl2va-first-c1,h3-20260906-audio-context-rpc-errors-v1,NVMe,initial-node; shared host load,warmup,True,PASS,False,359.53762098494917,124,9d8bd21a07ab2307a9a55444199e00c1fb2a816c990776fbd9c7b25c2408626c
vllm-omni,fl2va-last-c1,h3-20260906-audio-context-rpc-errors-v1,NVMe,initial-node; shared host load,r0-c0,False,PASS,False,357.8255731589161,124,b75327d1990f6989b38c9757aa83e5d290fdfa84b421044ca001c06816dec0b9
vllm-omni,fl2va-last-c1,h3-20260906-audio-context-rpc-errors-v1,NVMe,initial-node; shared host load,r1-c0,False,PASS,False,359.36285598389804,124,b75327d1990f6989b38c9757aa83e5d290fdfa84b421044ca001c06816dec0b9
vllm-omni,fl2va-last-c1,h3-20260906-audio-context-rpc-errors-v1,NVMe,initial-node; shared host load,r2-c0,False,PASS,False,359.06062900600955,124,b75327d1990f6989b38c9757aa83e5d290fdfa84b421044ca001c06816dec0b9
vllm-omni,fl2va-last-c1,h3-20260906-audio-context-rpc-errors-v1,NVMe,initial-node; shared host load,warmup,True,PASS,False,357.58607838721946,124,b75327d1990f6989b38c9757aa83e5d290fdfa84b421044ca001c06816dec0b9
vllm-omni,t2va-5s-c2,h3-20260906-audio-context-rpc-errors-v1,NVMe,initial-node; shared host load,r0-c0,False,PASS,False,332.69401712482795,124,ad4dd5d4e3eddf602c836608cbbe92c1e9f84ee215761760b72064da72d26b9f
vllm-omni,t2va-5s-c2,h3-20260906-audio-context-rpc-errors-v1,NVMe,initial-node; shared host load,r0-c1,False,PASS,False,656.0135372839868,124,ad4dd5d4e3eddf602c836608cbbe92c1e9f84ee215761760b72064da72d26b9f
vllm-omni,t2va-5s-c2,h3-20260906-audio-context-rpc-errors-v1,NVMe,initial-node; shared host load,r1-c0,False,PASS,False,332.2425142098218,124,ad4dd5d4e3eddf602c836608cbbe92c1e9f84ee215761760b72064da72d26b9f
vllm-omni,t2va-5s-c2,h3-20260906-audio-context-rpc-errors-v1,NVMe,initial-node; shared host load,r1-c1,False,PASS,False,655.7143704020418,124,ad4dd5d4e3eddf602c836608cbbe92c1e9f84ee215761760b72064da72d26b9f
vllm-omni,t2va-5s-c2,h3-20260906-audio-context-rpc-errors-v1,NVMe,initial-node; shared host load,r2-c0,False,PASS,False,332.8381261252798,124,ad4dd5d4e3eddf602c836608cbbe92c1e9f84ee215761760b72064da72d26b9f
vllm-omni,t2va-5s-c2,h3-20260906-audio-context-rpc-errors-v1,NVMe,initial-node; shared host load,r2-c1,False,PASS,False,656.078940493986,124,ad4dd5d4e3eddf602c836608cbbe92c1e9f84ee215761760b72064da72d26b9f
vllm-omni,t2va-5s-c2,h3-20260906-audio-context-rpc-errors-v1,NVMe,initial-node; shared host load,warmup,True,PASS,False,329.59475305723026,124,ad4dd5d4e3eddf602c836608cbbe92c1e9f84ee215761760b72064da72d26b9f
vllm-omni,t2va-5s-c4,h3-20260906-audio-context-rpc-errors-v1,NVMe,initial-node; shared host load,r0-c0,False,PASS,False,332.3370641861111,124,ad4dd5d4e3eddf602c836608cbbe92c1e9f84ee215761760b72064da72d26b9f
vllm-omni,t2va-5s-c4,h3-20260906-audio-context-rpc-errors-v1,NVMe,initial-node; shared host load,r0-c1,False,PASS,False,658.865960559342,124,ad4dd5d4e3eddf602c836608cbbe92c1e9f84ee215761760b72064da72d26b9f
vllm-omni,t2va-5s-c4,h3-20260906-audio-context-rpc-errors-v1,NVMe,initial-node; shared host load,r0-c2,False,PASS,False,985.139646965079,124,ad4dd5d4e3eddf602c836608cbbe92c1e9f84ee215761760b72064da72d26b9f
vllm-omni,t2va-5s-c4,h3-20260906-audio-context-rpc-errors-v1,NVMe,initial-node; shared host load,r0-c3,False,PASS,False,1308.3853847761638,124,ad4dd5d4e3eddf602c836608cbbe92c1e9f84ee215761760b72064da72d26b9f
vllm-omni,t2va-5s-c4,h3-20260906-audio-context-rpc-errors-v1,NVMe,initial-node; shared host load,r1-c0,False,PASS,False,332.30667290184647,124,ad4dd5d4e3eddf602c836608cbbe92c1e9f84ee215761760b72064da72d26b9f
vllm-omni,t2va-5s-c4,h3-20260906-audio-context-rpc-errors-v1,NVMe,initial-node; shared host load,r1-c1,False,PASS,False,658.894298621919,124,ad4dd5d4e3eddf602c836608cbbe92c1e9f84ee215761760b72064da72d26b9f
vllm-omni,t2va-5s-c4,h3-20260906-audio-context-rpc-errors-v1,NVMe,initial-node; shared host load,r1-c2,False,PASS,False,985.4896151227877,124,ad4dd5d4e3eddf602c836608cbbe92c1e9f84ee215761760b72064da72d26b9f
vllm-omni,t2va-5s-c4,h3-20260906-audio-context-rpc-errors-v1,NVMe,initial-node; shared host load,r1-c3,False,PASS,False,1308.8008671388961,124,ad4dd5d4e3eddf602c836608cbbe92c1e9f84ee215761760b72064da72d26b9f
vllm-omni,t2va-5s-c4,h3-20260906-audio-context-rpc-errors-v1,NVMe,initial-node; shared host load,r2-c0,False,PASS,False,332.8756373198703,124,ad4dd5d4e3eddf602c836608cbbe92c1e9f84ee215761760b72064da72d26b9f
vllm-omni,t2va-5s-c4,h3-20260906-audio-context-rpc-errors-v1,NVMe,initial-node; shared host load,r2-c1,False,PASS,False,985.7475045942701,124,ad4dd5d4e3eddf602c836608cbbe92c1e9f84ee215761760b72064da72d26b9f
vllm-omni,t2va-5s-c4,h3-20260906-audio-context-rpc-errors-v1,NVMe,initial-node; shared host load,r2-c2,False,PASS,False,659.2443823823705,124,ad4dd5d4e3eddf602c836608cbbe92c1e9f84ee215761760b72064da72d26b9f
vllm-omni,t2va-5s-c4,h3-20260906-audio-context-rpc-errors-v1,NVMe,initial-node; shared host load,r2-c3,False,PASS,False,1309.1608193176799,124,ad4dd5d4e3eddf602c836608cbbe92c1e9f84ee215761760b72064da72d26b9f
vllm-omni,t2va-5s-c4,h3-20260906-audio-context-rpc-errors-v1,NVMe,initial-node; shared host load,warmup,True,PASS,False,329.8457007226534,124,ad4dd5d4e3eddf602c836608cbbe92c1e9f84ee215761760b72064da72d26b9f
vllm-omni,ref2va-image-c1,h3-20260906-audio-context-rpc-errors-v1,NVMe,initial-node,r0-c0,False,PASS,False,553.6299130739644,124,c778b09240e6da99b4b87bc5c2224dc7c945369c055458166e3e7bf4c65c9eaf
vllm-omni,ref2va-image-c1,h3-20260906-audio-context-rpc-errors-v1,NVMe,initial-node,r1-c0,False,PASS,False,555.01856164122,124,c778b09240e6da99b4b87bc5c2224dc7c945369c055458166e3e7bf4c65c9eaf
vllm-omni,ref2va-image-c1,h3-20260906-audio-context-rpc-errors-v1,NVMe,initial-node,r2-c0,False,PASS,False,552.1118775829673,124,c778b09240e6da99b4b87bc5c2224dc7c945369c055458166e3e7bf4c65c9eaf
vllm-omni,ref2va-image-c1,h3-20260906-audio-context-rpc-errors-v1,NVMe,initial-node,warmup,True,PASS,False,574.4059938178398,124,4e13725816a95c5e453ff42830d906bfad343485d586161b0807e1f031e6d48e
vllm-omni,ref2va-image-audio-c1,h3-20260906-audio-context-rpc-errors-v1; CFS init-timeout 3600,CFS direct read-only,replacement H20-3e node,r0-c0,False,PASS,False,559.9413875779137,124,3d7f4f0da491a896444577f1d62a91c56d6e141878e2ba0b1bdef99c67e3667e
vllm-omni,ref2va-image-audio-c1,h3-20260906-audio-context-rpc-errors-v1; CFS init-timeout 3600,CFS direct read-only,replacement H20-3e node,r1-c0,False,PASS,False,562.2477601510473,124,3d7f4f0da491a896444577f1d62a91c56d6e141878e2ba0b1bdef99c67e3667e
vllm-omni,ref2va-image-audio-c1,h3-20260906-audio-context-rpc-errors-v1; CFS init-timeout 3600,CFS direct read-only,replacement H20-3e node,r2-c0,False,PASS,False,562.0705108498223,124,3d7f4f0da491a896444577f1d62a91c56d6e141878e2ba0b1bdef99c67e3667e
vllm-omni,ref2va-image-audio-c1,h3-20260906-audio-context-rpc-errors-v1; CFS init-timeout 3600,CFS direct read-only,replacement H20-3e node,warmup,True,PASS,False,562.0778979039751,124,3d7f4f0da491a896444577f1d62a91c56d6e141878e2ba0b1bdef99c67e3667e
vllm-omni,ref2va-images-c1,h3-20260906-audio-context-rpc-errors-v1; CFS init-timeout 3600,CFS direct read-only,replacement H20-3e node,r0-c0,False,PASS,False,1164.1039843419567,124,b1d0be24dc75b75641b6d65ba8fa016d5badcda29df9a4df458061682c9f095b
vllm-omni,ref2va-images-c1,h3-20260906-audio-context-rpc-errors-v1; CFS init-timeout 3600,CFS direct read-only,replacement H20-3e node,r1-c0,False,PASS,False,1165.4154742732644,124,b1d0be24dc75b75641b6d65ba8fa016d5badcda29df9a4df458061682c9f095b
vllm-omni,ref2va-images-c1,h3-20260906-audio-context-rpc-errors-v1; CFS init-timeout 3600,CFS direct read-only,replacement H20-3e node,r2-c0,False,PASS,False,1164.9951967061497,124,b1d0be24dc75b75641b6d65ba8fa016d5badcda29df9a4df458061682c9f095b
vllm-omni,ref2va-images-c1,h3-20260906-audio-context-rpc-errors-v1; CFS init-timeout 3600,CFS direct read-only,replacement H20-3e node,warmup,True,PASS,False,1180.9451327500865,124,b69de6832aa6ac3e6d3b983cc847fea2132f3e38d99f15c53f8c01441ff76bc3
vllm-omni,ref2va-mixed-c1,h3-20260906-audio-context-rpc-errors-v1; CFS init-timeout 3600,CFS direct read-only,replacement H20-3e node,r0-c0,False,PASS,False,1371.5311934980564,124,d1899f71557a52b0585c4ac9aa06ea186606c2ba2c68bdf2c8bd09a4c568c02a
vllm-omni,ref2va-mixed-c1,h3-20260906-audio-context-rpc-errors-v1; CFS init-timeout 3600,CFS direct read-only,replacement H20-3e node,r1-c0,False,PASS,False,1374.4066187422723,124,d1899f71557a52b0585c4ac9aa06ea186606c2ba2c68bdf2c8bd09a4c568c02a
vllm-omni,ref2va-mixed-c1,h3-20260906-audio-context-rpc-errors-v1; CFS init-timeout 3600,CFS direct read-only,replacement H20-3e node,r2-c0,False,PASS,False,1369.5268614920788,124,d1899f71557a52b0585c4ac9aa06ea186606c2ba2c68bdf2c8bd09a4c568c02a
vllm-omni,ref2va-mixed-c1,h3-20260906-audio-context-rpc-errors-v1; CFS init-timeout 3600,CFS direct read-only,replacement H20-3e node,warmup,True,PASS,False,1371.9355589216575,124,d1899f71557a52b0585c4ac9aa06ea186606c2ba2c68bdf2c8bd09a4c568c02a
vllm-omni,ref2va-video-silent-c1,h3-20260906-audio-context-rpc-errors-v1; CFS init-timeout 3600,CFS direct read-only,replacement H20-3e node,r0-c0,False,PASS,False,1009.9450713191181,124,c1aadec8c30236d0ab56ef4bc3b9940e5e867ef65aacfc23fb34f26d6d9167c1
vllm-omni,ref2va-video-silent-c1,h3-20260906-audio-context-rpc-errors-v1; CFS init-timeout 3600,CFS direct read-only,replacement H20-3e node,r1-c0,False,PASS,False,1010.2536896876991,124,c1aadec8c30236d0ab56ef4bc3b9940e5e867ef65aacfc23fb34f26d6d9167c1
vllm-omni,ref2va-video-silent-c1,h3-20260906-audio-context-rpc-errors-v1; CFS init-timeout 3600,CFS direct read-only,replacement H20-3e node,r2-c0,False,PASS,False,1009.1512043690309,124,c1aadec8c30236d0ab56ef4bc3b9940e5e867ef65aacfc23fb34f26d6d9167c1
vllm-omni,ref2va-video-silent-c1,h3-20260906-audio-context-rpc-errors-v1; CFS init-timeout 3600,CFS direct read-only,replacement H20-3e node,warmup,True,PASS,False,1009.9448946863413,124,c1aadec8c30236d0ab56ef4bc3b9940e5e867ef65aacfc23fb34f26d6d9167c1
vllm-omni,ref2va-video-sound-c1,h3-20260906-audio-context-rpc-errors-v1; CFS init-timeout 3600,CFS direct read-only,replacement H20-3e node,r0-c0,False,PASS,False,1016.8969289520755,124,ff601805549d2898fd5bb3c2fefeb548221e88c45f926c08521dade0db673528
vllm-omni,ref2va-video-sound-c1,h3-20260906-audio-context-rpc-errors-v1; CFS init-timeout 3600,CFS direct read-only,replacement H20-3e node,r1-c0,False,PASS,False,1017.2429353157058,124,ff601805549d2898fd5bb3c2fefeb548221e88c45f926c08521dade0db673528
vllm-omni,ref2va-video-sound-c1,h3-20260906-audio-context-rpc-errors-v1; CFS init-timeout 3600,CFS direct read-only,replacement H20-3e node,r2-c0,False,PASS,False,1016.5620228992775,124,ff601805549d2898fd5bb3c2fefeb548221e88c45f926c08521dade0db673528
vllm-omni,ref2va-video-sound-c1,h3-20260906-audio-context-rpc-errors-v1; CFS init-timeout 3600,CFS direct read-only,replacement H20-3e node,warmup,True,PASS,False,1018.3489135191776,124,b252cc91e1b4b1e637cb080539545464dfae7ed6902525847ea5d95afbe049be
